,avg_score,avg_length,all_time_high_score,num_timesteps
0,0.0,9.0,0,9
1,0.0,17.5,0,35
2,0.0,15.0,0,45
3,0.0,15.75,0,63
4,0.0,13.8,0,69
5,0.0,18.5,0,111
6,0.0,18.285714285714285,0,128
7,0.0,18.125,0,145
8,0.0,18.444444444444443,0,166
9,0.0,17.6,0,176
10,0.0,16.818181818181817,0,185
11,0.0,17.083333333333332,0,205
12,0.0,16.46153846153846,0,214
13,0.0,15.857142857142858,0,222
14,0.0,15.8,0,237
15,0.0,15.625,0,250
16,0.0,17.352941176470587,0,295
17,0.0,16.944444444444443,0,305
18,0.0,16.736842105263158,0,318
19,0.05,17.15,1,343
20,0.047619047619047616,17.80952380952381,1,374
21,0.045454545454545456,17.318181818181817,1,381
22,0.043478260869565216,16.91304347826087,1,389
23,0.041666666666666664,17.0,1,408
24,0.04,16.96,1,424
25,0.038461538461538464,16.76923076923077,1,436
26,0.037037037037037035,16.333333333333332,1,441
27,0.03571428571428571,15.964285714285714,1,447
28,0.034482758620689655,16.379310344827587,1,475
29,0.03333333333333333,18.0,1,540
30,0.03225806451612903,18.29032258064516,1,567
31,0.03125,17.875,1,572
32,0.09090909090909091,18.363636363636363,2,606
33,0.08823529411764706,18.029411764705884,2,613
34,0.08571428571428572,17.942857142857143,2,628
35,0.1111111111111111,17.944444444444443,2,646
36,0.10810810810810811,18.0,2,666
37,0.10526315789473684,17.973684210526315,2,683
38,0.10256410256410256,18.53846153846154,2,723
39,0.1,18.575,2,743
40,0.0975609756097561,18.634146341463413,2,764
41,0.09523809523809523,18.30952380952381,2,769
42,0.11627906976744186,19.069767441860463,2,820
43,0.11363636363636363,18.90909090909091,2,832
44,0.17777777777777778,18.866666666666667,3,849
45,0.1956521739130435,19.76086956521739,3,909
46,0.19148936170212766,19.829787234042552,3,932
47,0.1875,19.625,3,942
48,0.1836734693877551,19.591836734693878,3,960
49,0.18,19.5,3,975
50,0.19607843137254902,20.07843137254902,3,1024
51,0.19230769230769232,19.78846153846154,3,1029
52,0.18867924528301888,19.62264150943396,3,1040
53,0.2037037037037037,20.185185185185187,3,1090
54,0.2,20.272727272727273,3,1115
55,0.19642857142857142,20.089285714285715,3,1125
56,0.19298245614035087,19.982456140350877,3,1139
57,0.1896551724137931,19.82758620689655,3,1150
58,0.1864406779661017,20.016949152542374,3,1181
59,0.18333333333333332,19.883333333333333,3,1193
60,0.18032786885245902,19.80327868852459,3,1208
61,0.1935483870967742,19.887096774193548,3,1233
62,0.19047619047619047,19.825396825396826,3,1249
63,0.203125,20.84375,3,1334
64,0.2,20.661538461538463,3,1343
65,0.19696969696969696,20.560606060606062,3,1357
66,0.19402985074626866,20.402985074626866,3,1367
67,0.19117647058823528,20.264705882352942,3,1378
68,0.2028985507246377,20.956521739130434,3,1446
69,0.2,20.757142857142856,3,1453
70,0.2112676056338028,20.929577464788732,3,1486
71,0.2222222222222222,20.84722222222222,3,1501
72,0.2191780821917808,20.78082191780822,3,1517
73,0.21621621621621623,20.58108108108108,3,1523
74,0.22666666666666666,20.64,3,1548
75,0.2236842105263158,20.526315789473685,3,1560
76,0.24675324675324675,21.051948051948052,3,1621
77,0.24358974358974358,21.03846153846154,3,1641
78,0.24050632911392406,21.075949367088608,3,1665
79,0.25,21.275,3,1702
80,0.2716049382716049,21.234567901234566,3,1720
81,0.2804878048780488,22.5609756097561,3,1850
82,0.27710843373493976,22.40963855421687,3,1860
83,0.27380952380952384,22.285714285714285,3,1872
84,0.2823529411764706,22.75294117647059,3,1934
85,0.29069767441860467,22.837209302325583,3,1964
86,0.28735632183908044,22.632183908045977,3,1969
87,0.2840909090909091,22.806818181818183,3,2007
88,0.29213483146067415,22.89887640449438,3,2038
89,0.28888888888888886,22.711111111111112,3,2044
90,0.2857142857142857,22.945054945054945,3,2088
91,0.2826086956521739,22.793478260869566,3,2097
92,0.27956989247311825,22.634408602150536,3,2105
93,0.2765957446808511,23.02127659574468,3,2164
94,0.2736842105263158,22.96842105263158,3,2182
95,0.2916666666666667,23.4375,3,2250
96,0.29896907216494845,23.463917525773194,3,2276
97,0.30612244897959184,23.79591836734694,3,2332
98,0.30303030303030304,23.646464646464647,3,2341
99,0.31,23.92,3,2392
100,0.32,24.1,3,2419
101,0.32,24.1,3,2445
102,0.34,24.28,3,2473
103,0.35,25.38,3,2601
104,0.37,25.89,3,2658
105,0.37,25.63,3,2674
106,0.37,25.6,3,2688
107,0.38,26.2,3,2765
108,0.39,26.33,3,2799
109,0.39,26.67,3,2843
110,0.39,26.79,3,2864
111,0.41,26.68,3,2873
112,0.42,27.22,3,2936
113,0.44,27.48,3,2970
114,0.44,27.6,3,2997
115,0.45,27.88,3,3038
116,0.45,27.62,3,3057
117,0.45,27.62,3,3067
118,0.46,28.56,3,3174
119,0.46,28.86,3,3229
120,0.47,29.78,3,3352
121,0.48,30.19,3,3400
122,0.49,30.74,3,3463
123,0.5,30.93,3,3501
124,0.51,30.99,3,3523
125,0.52,31.99,3,3635
126,0.53,32.13,3,3654
127,0.53,32.16,3,3663
128,0.54,32.65,3,3740
129,0.56,32.55,3,3795
130,0.57,33.25,3,3892
131,0.58,33.43,3,3915
132,0.56,33.2,3,3926
133,0.57,33.93,3,4006
134,0.58,34.88,3,4116
135,0.6,35.15,3,4161
136,0.61,36.03,3,4269
137,0.63,36.41,3,4324
138,0.64,37.25,3,4448
139,0.65,38.08,3,4551
140,0.66,37.95,3,4559
141,0.66,38.06,3,4575
142,0.66,38.17,3,4637
143,0.67,38.37,3,4669
144,0.65,39.23,3,4772
145,0.65,39.26,3,4835
146,0.67,39.51,3,4883
147,0.68,40.58,3,5000
148,0.7,40.61,3,5021
149,0.72,41.06,3,5081
150,0.71,40.68,3,5092
151,0.71,40.9,3,5119
152,0.73,41.0,3,5140
153,0.72,40.85,3,5175
154,0.74,41.67,3,5282
155,0.76,42.15,3,5340
156,0.77,42.1,3,5349
157,0.78,42.18,3,5368
158,0.79,42.68,3,5449
159,0.81,42.78,3,5471
160,0.81,42.68,3,5476
161,0.8,42.58,3,5491
162,0.82,42.75,3,5524
163,0.83,42.49,3,5583
164,0.85,42.92,3,5635
165,0.87,43.08,3,5665
166,0.88,43.34,3,5701
167,0.89,44.31,3,5809
168,0.9,44.21,3,5867
169,0.93,45.53,3,6006
170,0.94,45.5,3,6036
171,0.95,45.83,3,6084
172,0.96,46.73,3,6190
173,0.97,47.73,3,6296
174,0.97,47.92,3,6340
175,0.97,47.93,3,6353
176,0.97,48.45,3,6466
177,0.99,48.9,3,6531
178,1.0,49.25,3,6590
179,1.0,50.0,3,6702
180,1.0,50.54,3,6774
181,1.01,49.64,3,6814
182,1.03,49.81,3,6841
183,1.05,50.05,3,6877
184,1.06,49.58,3,6892
185,1.06,49.4,3,6904
186,1.08,49.69,3,6938
187,1.1,50.18,3,7025
188,1.1,50.53,3,7091
189,1.11,50.93,3,7137
190,1.14,51.7,3,7258
191,1.17,52.17,3,7314
192,1.17,52.27,3,7332
193,1.19,51.94,3,7358
194,1.21,51.96,3,7378
195,1.22,51.8,3,7430
196,1.24,51.94,3,7470
197,1.25,51.67,3,7499
198,1.29,51.97,4,7538
199,1.3,51.75,4,7567
200,1.31,52.17,4,7636
201,1.33,52.45,4,7690
202,1.33,52.52,4,7725
203,1.33,52.2,4,7821
204,1.33,52.4,4,7898
205,1.35,52.66,4,7940
206,1.37,52.77,4,7965
207,1.38,52.23,4,7988
208,1.38,52.23,4,8022
209,1.42,52.41,4,8084
210,1.45,52.68,4,8132
211,1.45,52.97,4,8170
212,1.46,52.54,4,8190
213,1.48,53.19,4,8289
214,1.5,53.45,4,8342
215,1.51,53.45,4,8383
216,1.52,53.47,4,8404
217,1.58,54.1,6,8477
218,1.59,54.13,6,8587
219,1.6,53.88,6,8617
220,1.64,53.92,6,8744
221,1.65,54.21,6,8821
222,1.66,53.84,6,8847
223,1.66,54.52,6,8953
224,1.67,54.66,6,8989
225,1.67,54.62,6,9097
226,1.68,54.78,6,9132
227,1.7,55.03,6,9166
228,1.71,54.44,6,9184
229,1.71,54.05,6,9200
230,1.71,53.38,6,9230
231,1.73,54.3,6,9345
232,1.74,55.0,6,9426
233,1.81,56.28,8,9634
234,1.83,55.8,8,9696
235,1.83,55.7,8,9731
236,1.87,55.22,8,9791
237,1.86,54.85,8,9809
238,1.9,55.25,8,9973
239,1.92,55.43,8,10094
240,1.93,55.79,8,10138
241,1.96,56.33,8,10208
242,2.05,57.62,10,10399
243,2.06,57.57,10,10426
244,2.07,56.67,10,10439
245,2.1,56.61,10,10496
246,2.12,56.69,10,10552
247,2.14,55.8,10,10580
248,2.15,55.94,10,10615
249,2.16,55.79,10,10660
250,2.18,56.07,10,10699
251,2.24,56.67,10,10786
252,2.24,56.6,10,10800
253,2.25,57.31,10,10906
254,2.25,56.47,10,10929
255,2.25,56.11,10,10951
256,2.35,57.9,11,11139
257,2.38,58.0,11,11168
258,2.39,57.5,11,11199
259,2.39,57.42,11,11213
260,2.41,57.56,11,11232
261,2.43,57.58,11,11249
262,2.44,57.98,11,11322
263,2.47,57.97,11,11380
264,2.52,57.82,11,11417
265,2.52,57.89,11,11454
266,2.53,57.69,11,11470
267,2.57,57.2,11,11529
268,2.59,57.0,11,11567
269,2.58,55.96,11,11602
270,2.59,55.91,11,11627
271,2.62,55.94,11,11678
272,2.63,55.08,11,11698
273,2.63,55.1,11,11806
274,2.67,55.24,11,11864
275,2.72,55.5,11,11903
276,2.73,54.92,11,11958
277,2.8,55.6,11,12091
278,2.83,55.55,11,12145
279,2.89,55.11,11,12213
280,2.88,55.45,11,12319
281,2.9,56.03,11,12417
282,2.9,56.11,11,12452
283,2.91,55.99,11,12476
284,2.91,56.0,11,12492
285,2.92,55.99,11,12503
286,2.94,56.08,11,12546
287,2.94,55.62,11,12587
288,2.94,55.11,11,12602
289,2.95,54.85,11,12622
290,2.94,53.81,11,12639
291,2.95,53.77,11,12691
292,2.96,53.76,11,12708
293,2.98,53.91,11,12749
294,2.98,53.87,11,12765
295,2.99,53.69,11,12799
296,2.97,53.44,11,12814
297,3.02,53.79,11,12878
298,3.02,53.87,11,12925
299,3.05,54.13,11,12980
300,3.06,53.63,11,12999
301,3.07,53.55,11,13045
302,3.08,53.44,11,13069
303,3.09,52.62,11,13083
304,3.09,51.97,11,13095
305,3.11,52.02,11,13142
306,3.19,53.63,11,13328
307,3.2,53.62,11,13350
308,3.21,53.55,11,13377
309,3.19,53.09,11,13393
310,3.23,53.58,11,13490
311,3.24,53.94,11,13564
312,3.26,54.11,11,13601
313,3.25,53.38,11,13627
314,3.28,53.52,11,13694
315,3.28,53.33,11,13716
316,3.3,53.65,11,13769
317,3.26,53.08,11,13785
318,3.27,52.14,11,13801
319,3.29,52.33,11,13850
320,3.27,51.32,11,13876
321,3.28,50.87,11,13908
322,3.28,50.7,11,13917
323,3.3,49.95,11,13948
324,3.31,49.97,11,13986
325,3.32,49.01,11,13998
326,3.34,48.99,11,14031
327,3.36,49.07,11,14073
328,3.37,49.1,11,14094
329,3.39,49.16,11,14116
330,3.45,50.17,11,14247
331,3.45,49.45,11,14290
332,3.46,48.83,11,14309
333,3.4,46.99,11,14333
334,3.38,46.78,11,14374
335,3.37,46.58,11,14389
336,3.39,46.71,11,14462
337,3.42,47.16,11,14525
338,3.4,45.84,11,14557
339,3.38,45.69,11,14663
340,3.39,45.72,11,14710
341,3.39,45.31,11,14739
342,3.3,43.56,11,14755
343,3.3,43.58,11,14784
344,3.31,43.83,11,14822
345,3.31,43.78,11,14874
346,3.31,43.85,11,14937
347,3.31,43.98,11,14978
348,3.3,43.75,11,14990
349,3.3,43.58,11,15018
350,3.32,43.74,11,15073
351,3.3,43.56,11,15142
352,3.32,43.66,11,15166
353,3.33,42.84,11,15190
354,3.33,42.73,11,15202
355,3.36,43.07,11,15258
356,3.3,41.86,11,15325
357,3.31,42.07,11,15375
358,3.37,42.76,11,15475
359,3.37,43.59,11,15572
360,3.38,43.72,11,15604
361,3.38,43.9,11,15639
362,3.37,43.38,11,15660
363,3.36,43.35,11,15715
364,3.3,43.13,11,15730
365,3.3,43.06,11,15760
366,3.32,43.32,11,15802
367,3.29,43.03,11,15832
368,3.3,43.51,11,15918
369,3.35,43.87,11,15989
370,3.36,43.87,11,16014
371,3.33,43.46,11,16024
372,3.35,43.65,11,16063
373,3.38,42.93,11,16099
374,3.37,42.69,11,16133
375,3.36,42.75,11,16178
376,3.35,42.29,11,16187
377,3.29,41.48,11,16239
378,3.27,41.07,11,16252
379,3.23,40.8,11,16293
380,3.25,39.96,11,16315
381,3.29,39.66,11,16383
382,3.3,39.59,11,16411
383,3.31,39.81,11,16457
384,3.33,39.96,11,16488
385,3.35,40.56,11,16559
386,3.36,40.51,11,16597
387,3.36,40.34,11,16621
388,3.41,40.99,11,16701
389,3.47,41.37,11,16759
390,3.47,41.44,11,16783
391,3.45,41.23,11,16814
392,3.47,41.24,11,16832
393,3.47,41.17,11,16866
394,3.5,41.42,11,16907
395,3.48,41.18,11,16917
396,3.51,41.58,11,16972
397,3.46,41.82,11,17060
398,3.49,42.01,11,17126
399,3.47,41.79,11,17159
400,3.46,41.87,11,17186
401,3.46,41.61,11,17206
402,3.46,41.76,11,17245
403,3.48,42.24,11,17307
404,3.48,42.33,11,17328
405,3.48,42.27,11,17369
406,3.4,40.7,11,17398
407,3.4,40.69,11,17419
408,3.42,40.64,11,17441
409,3.42,40.71,11,17464
410,3.38,40.49,11,17539
411,3.37,39.96,11,17560
412,3.36,39.84,11,17585
413,3.36,40.09,11,17636
414,3.37,40.12,11,17706
415,3.38,40.11,11,17727
416,3.38,39.87,11,17756
417,3.39,40.33,11,17818
418,3.38,40.35,11,17836
419,3.37,40.12,11,17862
420,3.36,40.0,11,17876
421,3.35,39.77,11,17885
422,3.37,40.05,11,17922
423,3.37,39.91,11,17939
424,3.38,39.79,11,17965
425,3.38,39.93,11,17991
426,3.37,39.98,11,18029
427,3.36,39.9,11,18063
428,3.35,39.85,11,18079
429,3.36,40.55,11,18171
430,3.34,39.69,11,18216
431,3.34,39.41,11,18231
432,3.34,39.45,11,18254
433,3.35,39.71,11,18304
434,3.35,39.48,11,18322
435,3.34,39.52,11,18341
436,3.29,39.11,11,18373
437,3.32,39.44,11,18469
438,3.31,39.36,11,18493
439,3.33,38.66,11,18529
440,3.33,38.34,11,18544
441,3.32,38.39,11,18578
442,3.32,38.58,11,18613
443,3.33,38.73,11,18657
444,3.32,38.6,11,18682
445,3.3,38.28,11,18702
446,3.28,37.88,11,18725
447,3.28,37.94,11,18772
448,3.27,38.03,11,18793
449,3.29,38.3,11,18848
450,3.28,38.3,11,18903
451,3.27,37.77,11,18919
452,3.27,37.93,11,18959
453,3.3,38.19,11,19009
454,3.31,38.6,11,19062
455,3.27,38.19,11,19077
456,3.25,38.11,11,19136
457,3.24,37.95,11,19170
458,3.22,37.54,11,19229
459,3.25,37.11,11,19283
460,3.27,37.31,11,19335
461,3.27,37.18,11,19357
462,3.27,37.3,11,19390
463,3.29,37.47,11,19462
464,3.3,37.48,11,19478
465,3.32,37.66,11,19526
466,3.3,37.41,11,19543
467,3.31,37.41,11,19573
468,3.27,36.75,11,19593
469,3.22,36.12,11,19601
470,3.2,36.05,11,19619
471,3.2,36.14,11,19638
472,3.21,36.46,11,19709
473,3.19,36.4,11,19739
474,3.21,36.7,11,19803
475,3.22,37.08,11,19886
476,3.27,37.8,11,19967
477,3.27,37.88,11,20027
478,3.27,38.26,11,20078
479,3.26,38.17,11,20110
480,3.24,38.09,11,20124
481,3.2,37.87,11,20170
482,3.2,38.05,11,20216
483,3.18,37.79,11,20236
484,3.17,37.77,11,20265
485,3.17,37.54,11,20313
486,3.14,37.42,11,20339
487,3.16,37.54,11,20375
488,3.12,36.89,11,20390
489,3.06,36.68,11,20427
490,3.08,36.92,11,20475
491,3.07,36.74,11,20488
492,3.06,36.74,11,20506
493,3.04,36.56,11,20522
494,3.01,37.02,11,20609
495,3.03,37.39,11,20656
496,3.02,37.53,11,20725
497,3.08,37.59,11,20819
498,3.04,37.29,11,20855
499,3.09,37.72,11,20931
500,3.09,37.76,11,20962
501,3.12,38.24,11,21030
502,3.11,38.13,11,21058
503,3.1,37.68,11,21075
504,3.1,37.82,11,21110
505,3.08,37.6,11,21129
506,3.1,37.98,11,21196
507,3.09,37.91,11,21210
508,3.07,37.85,11,21226
509,3.07,37.77,11,21241
510,3.08,37.53,11,21292
511,3.08,37.55,11,21315
512,3.07,37.52,11,21337
513,3.07,37.27,11,21363
514,3.03,36.87,11,21393
515,3.02,36.91,11,21418
516,3.01,36.86,11,21442
517,3.0,36.46,11,21464
518,3.02,36.65,11,21501
519,3.01,36.58,11,21520
520,3.01,36.84,11,21560
521,3.05,37.38,11,21623
522,3.02,37.15,11,21637
523,3.01,37.17,11,21656
524,2.99,37.25,11,21690
525,3.01,37.38,11,21729
526,3.0,37.12,11,21741
527,3.01,37.13,11,21776
528,3.02,37.18,11,21797
529,2.99,36.41,11,21812
530,2.99,36.57,11,21873
531,2.98,36.64,11,21895
532,3.05,37.18,11,21972
533,3.06,37.14,11,22018
534,3.07,37.07,11,22029
535,3.08,37.04,11,22045
536,3.08,36.92,11,22065
537,3.08,36.69,11,22138
538,3.08,36.91,11,22184
539,3.07,36.71,11,22200
540,3.07,36.93,11,22237
541,3.07,36.71,11,22249
542,3.08,37.05,11,22318
543,3.07,36.83,11,22340
544,3.08,36.85,11,22367
545,3.11,37.23,11,22425
546,3.14,37.6,11,22485
547,3.12,37.3,11,22502
548,3.16,37.61,11,22554
549,3.13,37.32,11,22580
550,3.12,36.98,11,22601
551,3.13,37.44,11,22663
552,3.13,37.27,11,22686
553,3.11,36.99,11,22708
554,3.12,36.93,11,22755
555,3.13,36.96,11,22773
556,3.16,37.08,11,22844
557,3.14,36.94,11,22864
558,3.11,37.09,11,22938
559,3.13,37.48,11,23031
560,3.13,37.47,11,23082
561,3.13,37.46,11,23103
562,3.13,37.41,11,23131
563,3.11,37.02,11,23164
564,3.12,37.45,11,23223
565,3.09,37.1,11,23236
566,3.17,38.43,11,23386
567,3.19,39.08,11,23481
568,3.22,39.17,11,23510
569,3.23,39.53,11,23554
570,3.26,40.26,11,23645
571,3.29,40.62,11,23700
572,3.32,40.78,11,23787
573,3.31,40.65,11,23804
574,3.28,40.22,11,23825
575,3.25,39.54,11,23840
576,3.22,39.14,11,23881
577,3.2,38.82,11,23909
578,3.24,38.76,11,23954
579,3.24,38.69,11,23979
580,3.27,38.92,11,24016
581,3.28,39.03,11,24073
582,3.28,38.93,11,24109
583,3.32,39.42,11,24178
584,3.34,39.49,11,24214
585,3.34,39.32,11,24245
586,3.34,39.25,11,24264
587,3.32,39.04,11,24279
588,3.33,39.45,11,24335
589,3.34,39.43,11,24370
590,3.34,39.21,11,24396
591,3.39,39.56,11,24444
592,3.39,39.53,11,24459
593,3.38,39.49,11,24471
594,3.39,39.08,11,24517
595,3.4,39.19,11,24575
596,3.45,39.37,11,24662
597,3.38,38.6,11,24679
598,3.39,38.63,11,24718
599,3.33,38.17,11,24748
600,3.33,37.99,11,24761
601,3.29,37.49,11,24779
602,3.29,37.31,11,24789
603,3.29,37.44,11,24819
604,3.33,37.88,11,24898
605,3.34,37.89,11,24918
606,3.32,37.39,11,24935
607,3.32,37.46,11,24956
608,3.35,37.68,11,24994
609,3.37,37.81,11,25022
610,3.35,37.65,11,25057
611,3.37,37.86,11,25101
612,3.38,38.15,11,25152
613,3.36,38.07,11,25170
614,3.41,38.71,11,25264
615,3.42,38.65,11,25283
616,3.42,38.55,11,25297
617,3.43,38.54,11,25318
618,3.47,39.47,11,25448
619,3.46,39.47,11,25467
620,3.46,39.24,11,25484
621,3.42,38.79,11,25502
622,3.43,38.8,11,25517
623,3.46,39.12,11,25568
624,3.47,39.17,11,25607
625,3.45,38.94,11,25623
626,3.48,39.52,11,25693
627,3.48,39.6,11,25736
628,3.47,39.69,11,25766
629,3.47,39.66,11,25778
630,3.44,39.2,11,25793
631,3.45,39.24,11,25819
632,3.44,39.35,11,25907
633,3.43,39.21,11,25939
634,3.51,40.11,11,26040
635,3.55,40.6,11,26105
636,3.56,41.24,11,26189
637,3.51,40.94,11,26232
638,3.51,40.61,11,26245
639,3.52,41.06,11,26306
640,3.53,41.35,11,26372
641,3.55,41.73,11,26422
642,3.55,41.22,11,26440
643,3.58,42.0,11,26540
644,3.6,42.32,11,26599
645,3.59,42.47,11,26672
646,3.57,42.19,11,26704
647,3.61,42.46,11,26748
648,3.59,42.2,11,26774
649,3.58,42.05,11,26785
650,3.6,42.47,11,26848
651,3.6,42.36,11,26899
652,3.64,42.81,11,26967
653,3.69,43.4,11,27048
654,3.67,43.11,11,27066
655,3.74,43.6,11,27133
656,3.73,43.19,11,27163
657,3.75,43.38,11,27202
658,3.74,42.79,11,27217
659,3.69,42.01,11,27232
660,3.68,41.87,11,27269
661,3.7,42.12,11,27315
662,3.74,42.49,11,27380
663,3.73,42.64,11,27428
664,3.78,42.98,11,27521
665,3.81,43.1,11,27546
666,3.75,41.98,11,27584
667,3.72,41.29,11,27610
668,3.71,41.2,11,27630
669,3.73,41.23,11,27677
670,3.7,40.63,11,27708
671,3.67,40.31,11,27731
672,3.63,39.97,11,27784
673,3.66,40.13,11,27817
674,3.66,40.32,11,27857
675,3.7,40.75,11,27915
676,3.75,41.58,11,28039
677,3.78,41.67,11,28076
678,3.77,41.58,11,28112
679,3.81,41.78,11,28157
680,3.87,43.44,11,28360
681,3.84,43.13,11,28386
682,3.85,43.28,11,28437
683,3.81,42.92,11,28470
684,3.82,42.99,11,28513
685,3.8,42.82,11,28527
686,3.82,43.09,11,28573
687,3.87,43.44,11,28623
688,3.88,43.57,11,28692
689,3.89,43.62,11,28732
690,3.95,44.17,11,28813
691,3.9,43.82,11,28826
692,3.92,43.94,11,28853
693,3.93,44.08,11,28879
694,3.92,43.76,11,28893
695,3.9,43.3,11,28905
696,3.87,43.17,11,28979
697,3.92,43.69,11,29048
698,3.9,43.48,11,29066
699,3.95,44.26,11,29174
700,3.97,44.55,11,29216
701,3.97,44.65,11,29244
702,3.97,44.79,11,29268
703,3.96,44.67,11,29286
704,3.93,44.19,11,29317
705,3.93,44.13,11,29331
706,3.96,44.46,11,29381
707,3.98,44.6,11,29416
708,3.97,44.58,11,29452
709,3.95,44.46,11,29468
710,3.96,44.62,11,29519
711,3.94,44.27,11,29528
712,3.98,44.46,11,29598
713,4.01,44.92,11,29662
714,3.97,45.05,11,29769
715,3.96,45.05,11,29788
716,3.99,45.5,11,29847
717,3.98,45.44,11,29862
718,3.92,44.31,11,29879
719,3.93,44.3,11,29897
720,3.93,44.25,11,29909
721,3.93,44.22,11,29924
722,3.94,44.53,11,29970
723,3.91,44.14,11,29982
724,3.91,44.11,11,30018
725,3.95,44.67,11,30090
726,3.92,44.11,11,30104
727,3.9,43.81,11,30117
728,3.89,43.73,11,30139
729,3.96,44.33,11,30211
730,3.96,44.38,11,30231
731,3.97,44.91,11,30310
732,3.92,44.29,11,30336
733,3.92,44.21,11,30360
734,3.84,43.44,11,30384
735,3.81,43.2,11,30425
736,3.8,42.57,11,30446
737,3.83,42.58,11,30490
738,3.86,42.84,11,30529
739,3.84,42.41,11,30547
740,3.82,41.88,11,30560
741,3.8,41.82,11,30604
742,3.82,42.07,11,30647
743,3.86,42.21,11,30761
744,3.84,41.96,11,30795
745,3.82,41.34,11,30806
746,3.81,41.34,11,30838
747,3.83,41.61,11,30909
748,3.89,42.43,11,31017
749,3.91,42.74,11,31059
750,3.9,42.41,11,31089
751,3.89,42.38,11,31137
752,3.9,42.33,11,31200
753,3.84,41.69,11,31217
754,3.85,41.87,11,31253
755,3.78,41.4,11,31273
756,3.78,41.74,11,31337
757,3.77,41.64,11,31366
758,3.79,41.89,11,31406
759,3.81,42.14,11,31446
760,3.83,42.38,11,31507
761,3.82,42.25,11,31540
762,3.8,42.03,11,31583
763,3.79,41.83,11,31611
764,3.76,41.4,11,31661
765,3.76,41.65,11,31711
766,3.75,41.6,11,31744
767,3.8,43.07,11,31917
768,3.83,43.53,11,31983
769,3.81,43.41,11,32018
770,3.82,43.6,11,32068
771,3.84,43.95,11,32126
772,3.85,43.72,11,32156
773,3.83,43.55,11,32172
774,3.82,43.58,11,32215
775,3.79,43.32,11,32247
776,3.72,42.29,11,32268
777,3.69,42.02,11,32278
778,3.66,41.83,11,32295
779,3.62,41.52,11,32309
780,3.56,39.83,11,32343
781,3.59,39.89,11,32375
782,3.56,39.88,11,32425
783,3.57,39.82,11,32452
784,3.55,39.66,11,32479
785,3.58,39.97,11,32524
786,3.57,39.72,11,32545
787,3.57,40.04,11,32627
788,3.59,39.92,11,32684
789,3.57,39.76,11,32708
790,3.49,39.1,11,32723
791,3.54,39.46,11,32772
792,3.54,39.51,11,32804
793,3.54,39.51,11,32830
794,3.54,39.61,11,32854
795,3.54,39.81,11,32886
796,3.55,39.79,11,32958
797,3.52,39.32,11,32980
798,3.59,40.05,11,33071
799,3.56,39.34,11,33108
800,3.58,39.43,11,33159
801,3.6,39.59,11,33203
802,3.62,39.78,11,33246
803,3.64,40.14,11,33300
804,3.63,40.02,11,33319
805,3.63,40.22,11,33353
806,3.61,40.07,11,33388
807,3.6,40.0,11,33416
808,3.59,40.46,11,33498
809,3.59,40.42,11,33510
810,3.57,40.12,11,33531
811,3.63,40.78,11,33606
812,3.61,40.81,11,33679
813,3.61,40.57,11,33719
814,3.62,39.94,11,33763
815,3.62,39.97,11,33785
816,3.63,40.1,11,33857
817,3.63,40.12,11,33874
818,3.65,40.27,11,33906
819,3.65,40.23,11,33920
820,3.65,40.48,11,33957
821,3.72,41.04,11,34028
822,3.71,40.91,11,34061
823,3.74,41.59,11,34141
824,3.73,41.59,11,34177
825,3.68,41.03,11,34193
826,3.69,41.18,11,34222
827,3.71,41.69,11,34286
828,3.75,42.11,11,34350
829,3.71,41.96,11,34407
830,3.72,41.99,11,34430
831,3.75,41.61,11,34471
832,3.75,41.68,11,34504
833,3.76,41.71,11,34531
834,3.77,41.66,11,34550
835,3.78,41.6,11,34585
836,3.84,42.24,11,34670
837,3.82,42.11,11,34701
838,3.78,41.89,11,34718
839,3.79,41.86,11,34733
840,3.8,42.08,11,34768
841,3.87,42.84,11,34888
842,3.87,42.9,11,34937
843,3.82,42.13,11,34974
844,3.83,42.23,11,35018
845,3.87,42.86,11,35092
846,4.0,45.07,15,35345
847,3.95,44.47,15,35356
848,3.9,43.89,15,35406
849,3.9,43.89,15,35448
850,3.89,43.77,15,35466
851,3.87,43.58,15,35495
852,3.83,43.25,15,35525
853,3.84,43.42,15,35559
854,3.86,43.69,15,35622
855,3.93,44.22,15,35695
856,3.93,44.04,15,35741
857,3.94,44.24,15,35790
858,3.92,44.01,15,35807
859,3.91,43.92,15,35838
860,3.91,43.95,15,35902
861,3.96,44.75,15,36015
862,3.96,44.64,15,36047
863,3.98,44.8,15,36091
864,3.96,44.42,15,36103
865,4.01,44.67,15,36178
866,4.04,45.01,15,36245
867,3.99,43.4,15,36257
868,3.96,43.23,15,36306
869,3.96,43.07,15,36325
870,3.96,42.82,15,36350
871,3.96,42.95,15,36421
872,3.94,43.1,15,36466
873,3.94,43.35,15,36507
874,3.98,43.44,15,36559
875,3.97,43.24,15,36571
876,4.03,43.75,15,36643
877,4.05,44.04,15,36682
878,4.07,44.29,15,36724
879,4.09,44.51,15,36760
880,4.12,44.88,15,36831
881,4.12,45.14,15,36889
882,4.12,44.74,15,36899
883,4.12,45.01,15,36953
884,4.11,45.0,15,36979
885,4.12,45.01,15,37025
886,4.14,45.34,15,37079
887,4.1,44.69,15,37096
888,4.06,44.3,15,37114
889,4.1,44.45,15,37153
890,4.1,44.66,15,37189
891,4.07,44.58,15,37230
892,4.07,44.58,15,37262
893,4.09,44.93,15,37323
894,4.11,45.01,15,37355
895,4.1,44.84,15,37370
896,4.13,45.06,15,37464
897,4.11,45.04,15,37484
898,4.04,44.77,15,37548
899,4.08,44.99,15,37607
900,4.12,45.69,15,37728
901,4.12,45.65,15,37768
902,4.1,45.37,15,37783
903,4.08,45.07,15,37807
904,4.08,45.01,15,37820
905,4.11,45.21,15,37874
906,4.13,45.33,15,37921
907,4.14,45.42,15,37958
908,4.18,45.18,15,38016
909,4.19,45.24,15,38034
910,4.2,45.24,15,38055
911,4.16,45.09,15,38115
912,4.13,44.55,15,38134
913,4.16,44.92,15,38211
914,4.18,45.05,15,38268
915,4.25,45.58,15,38343
916,4.21,45.33,15,38390
917,4.21,45.32,15,38406
918,4.22,45.82,15,38488
919,4.22,45.8,15,38500
920,4.23,45.84,15,38541
921,4.18,45.45,15,38573
922,4.17,45.24,15,38585
923,4.16,45.09,15,38650
924,4.23,45.48,15,38725
925,4.23,45.4,15,38733
926,4.24,45.66,15,38788
927,4.22,45.19,15,38805
928,4.19,44.81,15,38831
929,4.16,44.64,15,38871
930,4.18,44.86,15,38916
931,4.18,45.3,15,39001
932,4.17,45.12,15,39016
933,4.16,45.16,15,39047
934,4.19,45.46,15,39096
935,4.18,45.35,15,39120
936,4.18,45.08,15,39178
937,4.22,45.5,15,39251
938,4.23,45.43,15,39261
939,4.23,45.53,15,39286
940,4.25,45.98,15,39366
941,4.24,45.4,15,39428
942,4.22,45.23,15,39460
943,4.22,45.36,15,39510
944,4.25,45.65,15,39583
945,4.21,45.11,15,39603
946,4.1,42.94,15,39639
947,4.16,43.6,15,39716
948,4.14,43.18,15,39724
949,4.13,42.89,15,39737
950,4.13,42.98,15,39764
951,4.14,42.77,15,39772
952,4.12,42.78,15,39803
953,4.14,43.06,15,39865
954,4.13,42.81,15,39903
955,4.11,42.95,15,39990
956,4.09,42.73,15,40014
957,4.11,42.7,15,40060
958,4.15,43.09,15,40116
959,4.19,43.48,15,40186
960,4.2,43.37,15,40239
961,4.18,42.89,15,40304
962,4.2,43.36,15,40383
963,4.25,43.92,15,40483
964,4.24,44.04,15,40507
965,4.17,43.63,15,40541
966,4.16,43.27,15,40572
967,4.18,43.55,15,40612
968,4.18,43.57,15,40663
969,4.18,43.58,15,40683
970,4.17,43.43,15,40693
971,4.16,43.27,15,40748
972,4.15,43.0,15,40766
973,4.21,43.42,15,40849
974,4.18,43.04,15,40863
975,4.23,43.81,15,40952
976,4.19,43.49,15,40992
977,4.22,43.58,15,41040
978,4.24,43.85,15,41109
979,4.24,43.72,15,41132
980,4.19,43.18,15,41149
981,4.19,43.11,15,41200
982,4.25,43.68,15,41267
983,4.26,43.43,15,41296
984,4.28,43.71,15,41350
985,4.32,44.63,15,41488
986,4.33,44.78,15,41557
987,4.31,44.78,15,41574
988,4.31,44.74,15,41588
989,4.27,44.65,15,41618
990,4.29,44.67,15,41656
991,4.28,44.52,15,41682
992,4.26,44.3,15,41692
993,4.24,43.87,15,41710
994,4.22,43.76,15,41731
995,4.27,44.15,15,41785
996,4.23,43.7,15,41834
997,4.28,43.98,15,41882
998,4.3,43.57,15,41905
999,4.3,43.39,15,41946
1000,4.22,42.45,15,41973
1001,4.21,42.36,15,42004
1002,4.25,42.85,15,42068
1003,4.25,42.71,15,42078
1004,4.25,42.83,15,42103
1005,4.25,42.98,15,42172
1006,4.27,43.18,15,42239
1007,4.29,43.39,15,42297
1008,4.29,43.44,15,42360
1009,4.28,43.7,15,42404
1010,4.31,43.76,15,42431
1011,4.32,43.56,15,42471
1012,4.34,44.38,15,42572
1013,4.35,44.3,15,42641
1014,4.34,44.45,15,42713
1015,4.28,43.92,15,42735
1016,4.29,43.77,15,42767
1017,4.32,44.74,15,42880
1018,4.31,44.32,15,42920
1019,4.36,44.63,15,42963
1020,4.37,44.99,15,43040
1021,4.36,44.84,15,43057
1022,4.37,44.94,15,43079
1023,4.41,44.94,15,43144
1024,4.35,44.85,15,43210
1025,4.36,44.91,15,43224
1026,4.4,45.14,15,43302
1027,4.39,45.28,15,43333
1028,4.43,46.22,15,43453
1029,4.49,46.43,15,43514
1030,4.46,46.1,15,43526
1031,4.43,45.56,15,43557
1032,4.48,46.19,15,43635
1033,4.47,46.04,15,43651
1034,4.47,46.34,15,43730
1035,4.46,46.33,15,43753
1036,4.4,45.96,15,43774
1037,4.37,45.9,15,43841
1038,4.37,46.01,15,43862
1039,4.37,46.05,15,43891
1040,4.4,46.19,15,43985
1041,4.36,46.03,15,44031
1042,4.36,45.93,15,44053
1043,4.34,45.93,15,44103
1044,4.29,45.34,15,44117
1045,4.32,45.89,15,44192
1046,4.31,45.84,15,44223
1047,4.29,45.67,15,44283
1048,4.31,46.0,15,44324
1049,4.35,46.26,15,44363
1050,4.37,46.31,15,44395
1051,4.41,46.8,15,44452
1052,4.4,46.83,15,44486
1053,4.37,46.35,15,44500
1054,4.38,46.44,15,44547
1055,4.39,46.21,15,44611
1056,4.44,47.25,15,44739
1057,4.4,46.88,15,44748
1058,4.36,46.47,15,44763
1059,4.34,46.1,15,44796
1060,4.3,45.88,15,44827
1061,4.26,45.33,15,44837
1062,4.27,45.23,15,44906
1063,4.22,44.76,15,44959
1064,4.26,44.99,15,45006
1065,4.28,44.97,15,45038
1066,4.31,45.48,15,45120
1067,4.3,45.27,15,45139
1068,4.34,45.47,15,45210
1069,4.36,45.88,15,45271
1070,4.37,46.09,15,45302
1071,4.39,46.1,15,45358
1072,4.4,46.23,15,45389
1073,4.36,45.66,15,45415
1074,4.35,45.67,15,45430
1075,4.3,44.9,15,45442
1076,4.32,45.23,15,45515
1077,4.28,45.04,15,45544
1078,4.25,44.55,15,45564
1079,4.24,44.62,15,45594
1080,4.27,45.07,15,45656
1081,4.28,45.37,15,45737
1082,4.27,45.4,15,45807
1083,4.28,45.61,15,45857
1084,4.27,45.64,15,45914
1085,4.21,44.71,15,45959
1086,4.18,44.21,15,45978
1087,4.2,44.46,15,46020
1088,4.22,44.97,15,46085
1089,4.23,44.95,15,46113
1090,4.21,44.73,15,46129
1091,4.27,45.62,15,46244
1092,4.3,45.93,15,46285
1093,4.34,46.34,15,46344
1094,4.36,46.74,15,46405
1095,4.32,46.4,15,46425
1096,4.29,46.1,15,46444
1097,4.26,45.93,15,46475
1098,4.26,45.98,15,46503
1099,4.19,45.7,15,46516
1100,4.19,45.75,15,46548
1101,4.22,46.29,15,46633
1102,4.18,45.77,15,46645
1103,4.22,46.19,15,46697
1104,4.22,46.11,15,46714
1105,4.2,45.89,15,46761
1106,4.16,45.47,15,46786
1107,4.13,45.24,15,46821
1108,4.1,44.95,15,46855
1109,4.11,44.84,15,46888
1110,4.1,45.01,15,46932
1111,4.07,44.86,15,46957
1112,4.05,44.04,15,46976
1113,4.02,44.56,15,47097
1114,4.03,44.31,15,47144
1115,4.02,44.21,15,47156
1116,4.01,44.16,15,47183
1117,4.01,43.98,15,47278
1118,4.03,44.22,15,47342
1119,3.99,44.01,15,47364
1120,3.98,43.59,15,47399
1121,3.99,43.63,15,47420
1122,4.01,43.8,15,47459
1123,3.97,43.46,15,47490
1124,3.96,42.94,15,47504
1125,4.0,43.53,15,47577
1126,3.96,43.14,15,47616
1127,4.05,43.99,15,47732
1128,4.03,43.47,15,47800
1129,4.0,43.53,15,47867
1130,4.0,43.62,15,47888
1131,4.0,43.63,15,47920
1132,3.95,42.99,15,47934
1133,3.98,43.3,15,47981
1134,3.99,43.52,15,48082
1135,4.06,44.23,15,48176
1136,4.06,44.25,15,48199
1137,4.04,43.75,15,48216
1138,4.09,44.15,15,48277
1139,4.09,44.2,15,48311
1140,4.06,43.64,15,48349
1141,4.07,43.45,15,48376
1142,4.08,43.74,15,48427
1143,4.13,43.82,15,48485
1144,4.15,44.08,15,48525
1145,4.12,43.57,15,48549
1146,4.13,43.56,15,48579
1147,4.13,43.65,15,48648
1148,4.14,43.59,15,48683
1149,4.1,43.47,15,48710
1150,4.08,43.46,15,48741
1151,4.08,43.58,15,48810
1152,4.08,43.38,15,48824
1153,4.08,43.37,15,48837
1154,4.07,43.29,15,48876
1155,4.07,43.66,15,48977
1156,4.02,42.71,15,49010
1157,4.02,42.89,15,49037
1158,4.02,42.92,15,49055
1159,4.04,43.26,15,49122
1160,4.06,43.45,15,49172
1161,4.08,43.83,15,49220
1162,4.07,43.82,15,49288
1163,4.07,43.62,15,49321
1164,4.04,43.47,15,49353
1165,4.03,43.4,15,49378
1166,3.98,42.79,15,49399
1167,3.97,42.77,15,49416
1168,3.94,42.75,15,49485
1169,3.93,42.72,15,49543
1170,3.92,42.56,15,49558
1171,3.89,42.14,15,49572
1172,3.94,42.53,15,49642
1173,3.94,42.65,15,49680
1174,3.96,42.96,15,49726
1175,3.97,43.05,15,49747
1176,3.95,42.46,15,49761
1177,4.03,43.45,15,49889
1178,4.03,43.4,15,49904
1179,4.03,43.41,15,49935
1180,4.05,44.46,15,50102
1181,4.05,44.51,15,50188
1182,4.01,44.29,15,50236
1183,4.0,44.34,15,50291
1184,3.99,44.04,15,50318
1185,3.99,43.89,15,50348
1186,3.99,44.02,15,50380
1187,3.98,43.9,15,50410
1188,4.0,43.85,15,50470
1189,3.99,43.78,15,50491
1190,3.99,43.97,15,50526
1191,3.95,43.21,15,50565
1192,3.93,42.94,15,50579
1193,3.89,42.6,15,50604
1194,3.88,42.43,15,50648
1195,3.87,42.44,15,50669
1196,3.86,42.33,15,50677
1197,3.88,42.43,15,50718
1198,3.86,42.35,15,50738
1199,3.89,42.57,15,50773
1200,3.93,43.28,15,50876
1201,3.89,42.65,15,50898
1202,3.9,42.82,15,50927
1203,3.89,42.75,15,50972
1204,3.97,43.57,15,51071
1205,3.99,43.74,15,51135
1206,4.0,43.79,15,51165
1207,4.0,43.88,15,51209
1208,4.02,44.25,15,51280
1209,4.03,44.38,15,51326
1210,4.03,44.21,15,51353
1211,4.03,44.12,15,51369
1212,4.03,44.14,15,51390
1213,4.02,43.38,15,51435
1214,4.0,43.29,15,51473
1215,4.02,43.6,15,51516
1216,4.07,44.24,15,51607
1217,4.06,43.65,15,51643
1218,4.03,43.35,15,51677
1219,4.04,43.45,15,51709
1220,4.06,43.51,15,51750
1221,4.05,43.59,15,51779
1222,4.08,44.26,15,51885
1223,4.06,44.38,15,51928
1224,4.05,44.36,15,51940
1225,4.02,43.89,15,51966
1226,4.02,43.78,15,51994
1227,3.98,43.1,15,52042
1228,3.96,42.59,15,52059
1229,3.95,42.66,15,52133
1230,3.95,42.58,15,52146
1231,3.93,42.43,15,52163
1232,3.99,43.15,15,52249
1233,3.99,43.4,15,52321
1234,3.93,42.51,15,52333
1235,3.9,42.24,15,52400
1236,3.91,42.25,15,52424
1237,3.91,42.26,15,52442
1238,3.87,41.79,15,52456
1239,3.89,42.06,15,52517
1240,3.88,42.14,15,52563
1241,3.85,41.95,15,52571
1242,3.84,41.68,15,52595
1243,3.82,41.54,15,52639
1244,3.85,41.77,15,52702
1245,3.85,41.81,15,52730
1246,3.83,41.78,15,52757
1247,3.83,41.63,15,52811
1248,3.81,41.43,15,52826
1249,3.82,41.37,15,52847
1250,3.86,41.79,15,52920
1251,3.82,41.24,15,52934
1252,3.85,41.85,15,53009
1253,3.85,41.86,15,53023
1254,3.83,41.63,15,53039
1255,3.76,40.72,15,53049
1256,3.79,40.99,15,53109
1257,3.84,41.44,15,53181
1258,3.84,41.38,15,53193
1259,3.84,41.37,15,53259
1260,3.82,41.09,15,53281
1261,3.8,40.81,15,53301
1262,3.77,40.6,15,53348
1263,3.75,40.58,15,53379
1264,3.82,41.0,15,53453
1265,3.83,41.4,15,53518
1266,3.83,41.37,15,53536
1267,3.83,41.34,15,53550
1268,3.83,41.03,15,53588
1269,3.94,42.23,15,53766
1270,4.01,42.73,15,53831
1271,4.08,43.18,15,53890
1272,4.04,42.96,15,53938
1273,4.02,42.74,15,53954
1274,4.01,42.6,15,53986
1275,4.02,42.7,15,54017
1276,4.0,42.92,15,54053
1277,3.93,41.94,15,54083
1278,3.91,41.93,15,54097
1279,3.96,42.65,15,54200
1280,3.95,41.62,15,54264
1281,3.91,40.96,15,54284
1282,3.92,40.66,15,54302
1283,3.91,40.41,15,54332
1284,3.9,40.3,15,54348
1285,3.91,40.44,15,54392
1286,3.94,40.72,15,54452
1287,3.94,40.72,15,54482
1288,3.96,40.81,15,54551
1289,3.98,40.97,15,54588
1290,3.98,40.82,15,54608
1291,3.98,41.06,15,54671
1292,3.98,41.17,15,54696
1293,4.03,41.6,15,54764
1294,4.03,41.59,15,54807
1295,4.06,41.98,15,54867
1296,4.06,42.1,15,54887
1297,4.06,42.03,15,54921
1298,4.08,42.13,15,54951
1299,4.05,41.93,15,54966
1300,4.04,41.49,15,55025
1301,4.04,41.55,15,55053
1302,4.03,41.41,15,55068
1303,4.0,41.22,15,55094
1304,3.97,40.99,15,55170
1305,3.93,40.54,15,55189
1306,3.91,40.42,15,55207
1307,3.96,40.85,15,55294
1308,3.92,40.28,15,55308
1309,3.94,40.2,15,55346
1310,3.94,40.23,15,55376
1311,3.94,40.21,15,55390
1312,3.98,40.55,15,55445
1313,3.97,40.37,15,55472
1314,3.94,40.13,15,55486
1315,3.93,40.07,15,55523
1316,3.88,39.44,15,55551
1317,3.86,39.22,15,55565
1318,3.86,39.17,15,55594
1319,3.84,39.06,15,55615
1320,3.83,39.02,15,55652
1321,3.87,39.25,15,55704
1322,3.84,38.55,15,55740
1323,3.83,38.3,15,55758
1324,3.89,39.16,15,55856
1325,3.91,39.38,15,55904
1326,3.89,39.42,15,55936
1327,3.86,39.17,15,55959
1328,3.86,39.14,15,55973
1329,3.84,38.62,15,55995
1330,3.84,38.57,15,56003
1331,3.88,39.22,15,56085
1332,3.83,38.6,15,56109
1333,3.83,38.32,15,56153
1334,3.88,38.7,15,56203
1335,3.89,38.72,15,56272
1336,3.96,39.59,15,56383
1337,3.96,39.61,15,56403
1338,3.97,39.86,15,56442
1339,3.95,39.38,15,56455
1340,3.97,39.38,15,56501
1341,4.0,39.79,15,56550
1342,4.02,39.97,15,56592
1343,3.99,39.63,15,56602
1344,3.97,39.38,15,56640
1345,4.01,39.66,15,56696
1346,4.03,39.85,15,56742
1347,3.99,39.46,15,56757
1348,3.98,39.41,15,56767
1349,4.06,40.46,15,56893
1350,4.04,40.19,15,56939
1351,4.05,40.27,15,56961
1352,4.05,40.09,15,57018
1353,4.05,40.31,15,57054
1354,4.08,40.59,15,57098
1355,4.11,41.05,15,57154
1356,4.06,40.62,15,57171
1357,4.04,40.55,15,57236
1358,4.04,40.75,15,57268
1359,4.0,40.3,15,57289
1360,4.02,40.44,15,57325
1361,4.05,41.07,15,57408
1362,4.06,40.98,15,57446
1363,4.1,41.26,15,57505
1364,4.05,40.86,15,57539
1365,4.04,40.45,15,57563
1366,4.03,40.51,15,57587
1367,4.05,40.66,15,57616
1368,4.03,40.57,15,57645
1369,3.93,39.08,15,57674
1370,3.89,38.82,15,57713
1371,3.82,38.45,15,57735
1372,3.83,38.45,15,57783
1373,3.91,39.09,15,57863
1374,3.95,39.51,15,57937
1375,3.93,39.34,15,57951
1376,3.95,39.3,15,57983
1377,3.97,39.45,15,58028
1378,3.98,39.44,15,58041
1379,3.92,38.67,15,58067
1380,3.91,38.63,15,58127
1381,3.94,39.04,15,58188
1382,3.93,39.03,15,58205
1383,3.92,38.9,15,58222
1384,3.95,39.1,15,58258
1385,3.94,39.0,15,58292
1386,3.96,39.11,15,58363
1387,3.96,38.99,15,58381
1388,3.9,38.4,15,58391
1389,3.93,38.57,15,58445
1390,3.95,38.71,15,58479
1391,3.93,38.24,15,58495
1392,3.96,38.92,15,58588
1393,3.91,38.34,15,58598
1394,3.95,38.65,15,58672
1395,3.96,39.5,15,58817
1396,3.98,39.64,15,58851
1397,4.03,40.08,15,58929
1398,4.05,40.45,15,58996
1399,4.09,40.75,15,59041
1400,4.1,40.65,15,59090
1401,4.12,40.95,15,59148
1402,4.13,41.08,15,59176
1403,4.19,41.66,15,59260
1404,4.14,41.05,15,59275
1405,4.18,41.32,15,59321
1406,4.19,41.62,15,59369
1407,4.19,41.37,15,59431
1408,4.23,41.9,15,59498
1409,4.21,41.95,15,59541
1410,4.23,42.09,15,59585
1411,4.23,42.35,15,59625
1412,4.22,42.35,15,59680
1413,4.22,42.38,15,59710
1414,4.28,42.77,15,59763
1415,4.35,43.53,15,59876
1416,4.4,43.89,15,59940
1417,4.5,45.15,15,60080
1418,4.49,44.94,15,60088
1419,4.52,45.14,15,60129
1420,4.54,45.38,15,60190
1421,4.53,45.5,15,60254
1422,4.53,45.41,15,60281
1423,4.54,45.48,15,60306
1424,4.49,44.81,15,60337
1425,4.51,45.18,15,60422
1426,4.53,45.26,15,60462
1427,4.53,45.22,15,60481
1428,4.56,45.49,15,60522
1429,4.61,46.16,15,60611
1430,4.61,46.3,15,60633
1431,4.58,46.02,15,60687
1432,4.6,46.34,15,60743
1433,4.6,46.44,15,60797
1434,4.58,46.16,15,60819
1435,4.53,45.72,15,60844
1436,4.46,45.0,15,60883
1437,4.51,45.25,15,60928
1438,4.54,45.48,15,60990
1439,4.57,46.05,15,61060
1440,4.59,46.36,15,61137
1441,4.59,46.35,15,61185
1442,4.6,46.3,15,61222
1443,4.65,47.13,15,61315
1444,4.68,48.45,15,61485
1445,4.63,48.34,15,61530
1446,4.61,48.07,15,61549
1447,4.63,48.3,15,61587
1448,4.64,48.57,15,61624
1449,4.59,47.86,15,61679
1450,4.59,47.82,15,61721
1451,4.58,47.7,15,61731
1452,4.58,47.52,15,61770
1453,4.63,48.58,15,61912
1454,4.62,48.54,15,61952
1455,4.65,49.29,15,62083
1456,4.72,50.04,15,62175
1457,4.7,49.76,15,62212
1458,4.74,49.85,15,62253
1459,4.74,49.84,15,62273
1460,4.71,49.62,15,62287
1461,4.7,49.13,15,62321
1462,4.68,48.96,15,62342
1463,4.64,48.53,15,62358
1464,4.75,50.06,16,62545
1465,4.77,50.35,16,62598
1466,4.77,50.31,16,62618
1467,4.77,50.44,16,62660
1468,4.8,50.54,16,62699
1469,4.8,50.83,16,62757
1470,4.81,51.04,16,62817
1471,4.87,51.68,16,62903
1472,4.87,51.6,16,62943
1473,4.86,51.99,16,63062
1474,4.81,51.52,16,63089
1475,4.86,52.01,16,63152
1476,4.84,51.85,16,63168
1477,4.84,51.86,16,63214
1478,4.92,52.82,16,63323
1479,4.97,53.39,16,63406
1480,4.93,52.89,16,63416
1481,4.94,52.78,16,63466
1482,4.95,52.99,16,63504
1483,5.0,54.08,16,63630
1484,5.0,54.21,16,63679
1485,5.01,54.46,16,63738
1486,4.95,53.91,16,63754
1487,4.96,54.09,16,63790
1488,4.98,54.27,16,63818
1489,5.01,54.94,16,63939
1490,4.99,54.84,16,63963
1491,5.03,55.36,16,64031
1492,4.99,54.73,16,64061
1493,5.01,54.83,16,64081
1494,5.01,54.63,16,64135
1495,5.02,54.08,16,64225
1496,5.03,54.11,16,64262
1497,4.96,53.55,16,64284
1498,4.96,53.36,16,64332
1499,4.99,53.56,16,64397
1500,4.95,53.22,16,64412
1501,4.94,53.03,16,64451
1502,4.94,53.04,16,64480
1503,4.88,52.41,16,64501
1504,4.87,52.63,16,64538
1505,4.83,52.32,16,64553
1506,4.83,52.11,16,64580
1507,4.85,52.38,16,64669
1508,4.84,52.2,16,64718
1509,4.84,52.16,16,64757
1510,4.82,52.16,16,64801
1511,4.85,52.64,16,64889
1512,4.84,52.42,16,64922
1513,4.83,52.41,16,64951
1514,4.85,52.65,16,65028
1515,4.77,51.63,16,65039
1516,4.75,51.54,16,65094
1517,4.65,50.24,16,65104
1518,4.69,50.82,16,65170
1519,4.67,50.76,16,65205
1520,4.65,50.62,16,65252
1521,4.65,50.51,16,65305
1522,4.64,50.58,16,65339
1523,4.68,50.86,16,65392
1524,4.7,50.96,16,65433
1525,4.65,50.46,16,65468
1526,4.65,50.35,16,65497
1527,4.65,50.4,16,65521
1528,4.62,50.18,16,65540
1529,4.57,49.5,16,65561
1530,4.58,49.57,16,65590
1531,4.57,49.12,16,65599
1532,4.54,48.8,16,65623
1533,4.55,48.74,16,65671
1534,4.58,49.44,16,65763
1535,4.58,49.41,16,65785
1536,4.63,49.72,16,65855
1537,4.6,49.52,16,65880
1538,4.57,49.26,16,65916
1539,4.57,48.85,16,65945
1540,4.57,48.6,16,65997
1541,4.54,48.43,16,66028
1542,4.53,48.29,16,66051
1543,4.51,47.79,16,66094
1544,4.48,46.52,16,66137
1545,4.51,46.42,16,66172
1546,4.54,46.64,16,66213
1547,4.56,47.01,16,66288
1548,4.59,47.01,16,66325
1549,4.59,47.21,16,66400
1550,4.63,47.57,16,66478
1551,4.63,47.66,16,66497
1552,4.62,47.55,16,66525
1553,4.6,46.63,16,66575
1554,4.61,46.7,16,66622
1555,4.57,45.66,16,66649
1556,4.51,44.88,16,66663
1557,4.51,44.91,16,66703
1558,4.47,44.62,16,66715
1559,4.46,44.52,16,66725
1560,4.46,44.65,16,66752
1561,4.47,44.77,16,66798
1562,4.49,44.85,16,66827
1563,4.53,45.37,16,66895
1564,4.4,43.7,16,66915
1565,4.37,43.38,16,66936
1566,4.42,44.16,16,67034
1567,4.42,44.07,16,67067
1568,4.42,44.19,16,67118
1569,4.4,43.97,16,67154
1570,4.43,44.23,16,67240
1571,4.39,43.55,16,67258
1572,4.42,44.47,16,67390
1573,4.37,43.6,16,67422
1574,4.4,44.02,16,67491
1575,4.36,43.79,16,67531
1576,4.38,44.06,16,67574
1577,4.37,44.06,16,67620
1578,4.28,43.18,16,67641
1579,4.3,43.33,16,67739
1580,4.31,43.47,16,67763
1581,4.29,43.44,16,67810
1582,4.34,43.87,16,67891
1583,4.38,43.81,16,68011
1584,4.36,43.5,16,68029
1585,4.33,43.1,16,68048
1586,4.36,43.42,16,68096
1587,4.38,43.56,16,68146
1588,4.39,43.67,16,68185
1589,4.31,42.71,16,68210
1590,4.31,42.83,16,68246
1591,4.28,42.38,16,68269
1592,4.3,42.38,16,68299
1593,4.34,43.11,16,68392
1594,4.29,42.68,16,68403
1595,4.28,42.21,16,68446
1596,4.33,42.91,16,68553
1597,4.35,43.16,16,68600
1598,4.44,44.66,16,68798
1599,4.38,44.3,16,68827
1600,4.45,45.0,16,68912
1601,4.45,44.85,16,68936
1602,4.48,45.07,16,68987
1603,4.53,46.23,16,69124
1604,4.57,46.25,16,69163
1605,4.56,46.23,16,69176
1606,4.57,46.36,16,69216
1607,4.53,46.08,16,69277
1608,4.55,46.37,16,69355
1609,4.53,46.08,16,69365
1610,4.53,45.95,16,69396
1611,4.51,45.46,16,69435
1612,4.54,45.7,16,69492
1613,4.58,45.92,16,69543
1614,4.52,45.45,16,69573
1615,4.56,45.93,16,69632
1616,4.54,45.61,16,69655
1617,4.56,46.07,16,69711
1618,4.56,45.83,16,69753
1619,4.56,45.75,16,69780
1620,4.56,45.62,16,69814
1621,4.57,45.62,16,69867
1622,4.63,46.28,16,69967
1623,4.62,46.28,16,70020
1624,4.64,46.33,16,70066
1625,4.67,46.53,16,70121
1626,4.68,46.62,16,70159
1627,4.72,46.94,16,70215
1628,4.74,47.3,16,70270
1629,4.75,47.4,16,70301
1630,4.77,47.68,16,70358
1631,4.78,47.8,16,70379
1632,4.8,47.99,16,70422
1633,4.79,48.02,16,70473
1634,4.75,47.3,16,70493
1635,4.82,47.63,16,70548
1636,4.77,47.25,16,70580
1637,4.81,47.66,16,70646
1638,4.79,47.62,16,70678
1639,4.79,47.7,16,70715
1640,4.73,47.54,16,70751
1641,4.76,47.66,16,70794
1642,4.78,47.99,16,70850
1643,4.75,47.86,16,70880
1644,4.75,47.83,16,70920
1645,4.77,48.04,16,70976
1646,4.77,47.96,16,71009
1647,4.73,47.37,16,71025
1648,4.73,47.9,16,71115
1649,4.74,47.87,16,71187
1650,4.68,47.24,16,71202
1651,4.7,47.4,16,71237
1652,4.72,47.93,16,71318
1653,4.73,48.05,16,71380
1654,4.75,48.3,16,71452
1655,4.77,48.43,16,71492
1656,4.82,48.85,16,71548
1657,4.83,48.94,16,71597
1658,4.84,49.02,16,71617
1659,4.88,49.37,16,71662
1660,4.89,49.32,16,71684
1661,4.89,49.34,16,71732
1662,4.87,49.27,16,71754
1663,4.83,48.77,16,71772
1664,4.82,48.92,16,71807
1665,4.83,48.89,16,71825
1666,4.79,48.28,16,71862
1667,4.77,48.18,16,71885
1668,4.77,48.25,16,71943
1669,4.86,49.01,16,72055
1670,4.85,49.05,16,72145
1671,4.86,49.41,16,72199
1672,4.85,48.79,16,72269
1673,4.86,48.87,16,72309
1674,4.89,49.04,16,72395
1675,4.88,48.88,16,72419
1676,4.86,48.63,16,72437
1677,4.84,48.36,16,72456
1678,4.85,48.34,16,72475
1679,4.78,47.6,16,72499
1680,4.8,47.82,16,72545
1681,4.78,47.52,16,72562
1682,4.73,47.07,16,72598
1683,4.67,46.47,16,72658
1684,4.66,46.43,16,72672
1685,4.68,46.55,16,72703
1686,4.68,46.46,16,72742
1687,4.7,46.7,16,72816
1688,4.68,46.68,16,72853
1689,4.71,47.03,16,72913
1690,4.8,47.56,16,73002
1691,4.79,47.53,16,73022
1692,4.78,47.55,16,73054
1693,4.76,47.18,16,73110
1694,4.8,47.49,16,73152
1695,4.76,47.29,16,73175
1696,4.7,46.48,16,73201
1697,4.67,46.25,16,73225
1698,4.58,44.79,16,73277
1699,4.66,45.95,16,73422
1700,4.62,45.62,16,73474
1701,4.61,45.5,16,73486
1702,4.63,45.71,16,73558
1703,4.58,44.58,16,73582
1704,4.58,44.7,16,73633
1705,4.6,44.8,16,73656
1706,4.66,45.21,16,73737
1707,4.62,44.8,16,73757
1708,4.61,44.49,16,73804
1709,4.65,44.79,16,73844
1710,4.65,44.88,16,73884
1711,4.65,44.92,16,73927
1712,4.62,44.7,16,73962
1713,4.63,44.77,16,74020
1714,4.65,45.04,16,74077
1715,4.61,44.55,16,74087
1716,4.6,44.52,16,74107
1717,4.57,44.07,16,74118
1718,4.57,44.24,16,74177
1719,4.56,44.11,16,74191
1720,4.55,44.07,16,74221
1721,4.5,43.72,16,74239
1722,4.45,43.05,16,74272
1723,4.42,42.67,16,74287
1724,4.39,42.52,16,74318
1725,4.48,44.74,16,74595
1726,4.49,45.01,16,74660
1727,4.47,44.86,16,74701
1728,4.45,44.6,16,74730
1729,4.48,44.76,16,74777
1730,4.45,44.31,16,74789
1731,4.52,45.19,16,74898
1732,4.52,45.11,16,74933
1733,4.49,44.82,16,74955
1734,4.51,45.11,16,75004
1735,4.44,44.7,16,75018
1736,4.45,44.73,16,75053
1737,4.43,44.63,16,75109
1738,4.45,44.82,16,75160
1739,4.46,45.04,16,75219
1740,4.49,45.41,16,75292
1741,4.52,45.88,16,75382
1742,4.48,45.55,16,75405
1743,4.52,45.7,16,75450
1744,4.55,45.98,16,75518
1745,4.54,45.7,16,75546
1746,4.53,45.76,16,75585
1747,4.53,45.77,16,75602
1748,4.52,45.46,16,75661
1749,4.56,45.96,16,75783
1750,4.56,46.01,16,75803
1751,4.55,46.0,16,75837
1752,4.55,45.79,16,75897
1753,4.51,45.36,16,75916
1754,4.5,45.12,16,75964
1755,4.51,45.48,16,76040
1756,4.47,45.14,16,76062
1757,4.49,45.22,16,76119
1758,4.51,45.48,16,76165
1759,4.49,45.3,16,76192
1760,4.51,45.74,16,76258
1761,4.52,45.71,16,76303
1762,4.57,46.31,16,76385
1763,4.57,46.27,16,76399
1764,4.57,46.1,16,76417
1765,4.56,46.05,16,76430
1766,4.55,45.8,16,76442
1767,4.54,45.71,16,76456
1768,4.51,45.44,16,76487
1769,4.42,44.75,16,76530
1770,4.38,44.19,16,76564
1771,4.38,44.15,16,76614
1772,4.35,43.75,16,76644
1773,4.35,43.8,16,76689
1774,4.29,43.13,16,76708
1775,4.33,43.4,16,76759
1776,4.39,43.7,16,76807
1777,4.39,43.68,16,76824
1778,4.39,43.64,16,76839
1779,4.4,43.58,16,76857
1780,4.4,43.72,16,76917
1781,4.45,44.12,16,76974
1782,4.46,44.03,16,77001
1783,4.49,44.11,16,77069
1784,4.54,44.54,16,77126
1785,4.56,44.65,16,77168
1786,4.53,44.41,16,77183
1787,4.52,44.21,16,77237
1788,4.54,44.52,16,77305
1789,4.52,44.15,16,77328
1790,4.44,43.51,16,77353
1791,4.5,44.34,16,77456
1792,4.53,44.6,16,77514
1793,4.5,44.24,16,77534
1794,4.49,44.14,16,77566
1795,4.53,44.62,16,77637
1796,4.54,44.83,16,77684
1797,4.55,44.99,16,77724
1798,4.57,45.27,16,77804
1799,4.49,43.98,16,77820
1800,4.52,44.41,16,77915
1801,4.54,44.65,16,77951
1802,4.49,44.12,16,77970
1803,4.51,44.26,16,78008
1804,4.51,44.11,16,78044
1805,4.54,44.54,16,78110
1806,4.48,44.24,16,78161
1807,4.51,44.38,16,78195
1808,4.49,44.23,16,78227
1809,4.45,43.94,16,78238
1810,4.49,44.43,16,78327
1811,4.49,44.22,16,78349
1812,4.51,45.02,16,78464
1813,4.48,44.72,16,78492
1814,4.49,44.73,16,78550
1815,4.53,45.17,16,78604
1816,4.55,45.47,16,78654
1817,4.59,45.95,16,78713
1818,4.56,45.69,16,78746
1819,4.56,46.07,16,78798
1820,4.55,46.03,16,78824
1821,4.54,46.03,16,78842
1822,4.52,46.03,16,78875
1823,4.54,46.22,16,78909
1824,4.55,46.12,16,78930
1825,4.45,43.8,16,78975
1826,4.44,43.6,16,79020
1827,4.41,43.35,16,79036
1828,4.43,43.46,16,79076
1829,4.45,43.59,16,79136
1830,4.47,43.79,16,79168
1831,4.41,43.31,16,79229
1832,4.4,43.17,16,79250
1833,4.41,43.38,16,79293
1834,4.38,43.19,16,79323
1835,4.38,43.18,16,79336
1836,4.37,42.99,16,79352
1837,4.32,42.55,16,79364
1838,4.35,42.78,16,79438
1839,4.32,42.33,16,79452
1840,4.29,41.78,16,79470
1841,4.23,41.2,16,79502
1842,4.29,41.87,16,79592
1843,4.26,41.64,16,79614
1844,4.21,41.13,16,79631
1845,4.23,41.47,16,79693
1846,4.22,41.37,16,79722
1847,4.28,42.3,16,79832
1848,4.3,42.32,16,79893
1849,4.23,41.36,16,79919
1850,4.28,41.54,16,79957
1851,4.26,41.28,16,79965
1852,4.22,40.83,16,79980
1853,4.23,41.01,16,80017
1854,4.21,40.96,16,80060
1855,4.18,40.39,16,80079
1856,4.17,40.31,16,80093
1857,4.15,40.11,16,80130
1858,4.11,39.78,16,80143
1859,4.09,39.86,16,80178
1860,4.05,39.34,16,80192
1861,4.05,39.42,16,80245
1862,4.01,38.75,16,80260
1863,4.08,39.45,16,80344
1864,4.08,39.57,16,80374
1865,4.11,40.03,16,80433
1866,4.11,40.06,16,80448
1867,4.15,40.41,16,80497
1868,4.17,40.36,16,80523
1869,4.18,40.31,16,80561
1870,4.16,40.17,16,80581
1871,4.13,39.95,16,80609
1872,4.12,39.99,16,80643
1873,4.16,40.59,16,80748
1874,4.18,40.62,16,80770
1875,4.14,40.2,16,80779
1876,4.07,39.8,16,80787
1877,4.1,39.95,16,80819
1878,4.12,40.08,16,80847
1879,4.12,40.21,16,80878
1880,4.17,40.72,16,80989
1881,4.18,40.96,16,81070
1882,4.19,41.25,16,81126
1883,4.14,40.92,16,81161
1884,4.13,41.37,16,81263
1885,4.12,41.45,16,81313
1886,4.14,41.48,16,81331
1887,4.16,41.88,16,81425
1888,4.17,42.05,16,81510
1889,4.19,42.4,16,81568
1890,4.23,42.86,16,81639
1891,4.2,42.13,16,81669
1892,4.18,41.89,16,81703
1893,4.19,41.96,16,81730
1894,4.16,41.85,16,81751
1895,4.17,41.72,16,81809
1896,4.16,41.57,16,81841
1897,4.15,41.43,16,81867
1898,4.1,40.84,16,81888
1899,4.16,41.48,16,81968
1900,4.15,41.13,16,82028
1901,4.17,41.41,16,82092
1902,4.18,41.53,16,82123
1903,4.16,41.4,16,82148
1904,4.13,41.22,16,82166
1905,4.14,41.37,16,82247
1906,4.15,41.74,16,82335
1907,4.12,41.55,16,82350
1908,4.16,42.16,16,82443
1909,4.19,42.49,16,82487
1910,4.13,41.91,16,82518
1911,4.17,42.32,16,82581
1912,4.16,41.72,16,82636
1913,4.18,41.89,16,82681
1914,4.18,41.76,16,82726
1915,4.19,42.1,16,82814
1916,4.18,42.08,16,82862
1917,4.14,41.67,16,82880
1918,4.14,41.54,16,82900
1919,4.16,41.55,16,82953
1920,4.22,42.02,16,83026
1921,4.25,42.1,16,83052
1922,4.27,42.22,16,83097
1923,4.29,42.37,16,83146
1924,4.32,43.09,16,83239
1925,4.32,42.93,16,83268
1926,4.29,42.65,16,83285
1927,4.34,43.37,16,83373
1928,4.37,43.54,16,83430
1929,4.34,43.66,16,83502
1930,4.37,43.79,16,83547
1931,4.38,43.52,16,83581
1932,4.42,43.94,16,83644
1933,4.48,44.29,16,83722
1934,4.51,44.49,16,83772
1935,4.53,44.64,16,83800
1936,4.55,44.68,16,83820
1937,4.63,45.53,16,83917
1938,4.59,45.03,16,83941
1939,4.59,45.11,16,83963
1940,4.6,45.16,16,83986
1941,4.66,45.83,16,84085
1942,4.64,45.37,16,84129
1943,4.67,45.69,16,84183
1944,4.69,45.94,16,84225
1945,4.67,45.74,16,84267
1946,4.73,45.98,16,84320
1947,4.7,45.23,16,84355
1948,4.69,45.47,16,84440
1949,4.68,45.48,16,84467
1950,4.63,45.4,16,84497
1951,4.68,45.79,16,84544
1952,4.7,46.01,16,84581
1953,4.72,45.96,16,84613
1954,4.7,45.68,16,84628
1955,4.71,45.9,16,84669
1956,4.71,46.03,16,84696
1957,4.72,46.12,16,84742
1958,4.73,46.1,16,84753
1959,4.75,46.01,16,84779
1960,4.78,46.28,16,84820
1961,4.8,46.47,16,84892
1962,4.8,46.54,16,84914
1963,4.74,46.07,16,84951
1964,4.77,46.16,16,84990
1965,4.76,45.8,16,85013
1966,4.76,45.8,16,85028
1967,4.76,45.57,16,85054
1968,4.75,45.69,16,85092
1969,4.73,45.6,16,85121
1970,4.73,45.59,16,85140
1971,4.75,45.58,16,85167
1972,4.8,45.95,16,85238
1973,4.74,45.11,16,85259
1974,4.74,45.27,16,85297
1975,4.76,45.57,16,85336
1976,4.79,45.81,16,85368
1977,4.77,45.67,16,85386
1978,4.77,45.8,16,85427
1979,4.83,46.02,16,85480
1980,4.8,45.4,16,85529
1981,4.77,45.06,16,85576
1982,4.75,44.74,16,85600
1983,4.74,44.68,16,85629
1984,4.72,43.97,16,85660
1985,4.7,43.79,16,85692
1986,4.68,43.88,16,85719
1987,4.67,43.86,16,85811
1988,4.66,43.5,16,85860
1989,4.66,43.69,16,85937
1990,4.66,43.84,16,86023
1991,4.62,43.65,16,86034
1992,4.65,43.85,16,86088
1993,4.66,43.97,16,86127
1994,4.78,45.23,16,86274
1995,4.74,44.93,16,86302
1996,4.77,45.06,16,86347
1997,4.77,45.07,16,86374
1998,4.8,45.45,16,86433
1999,4.77,45.02,16,86470
2000,4.74,44.69,16,86497
2001,4.72,44.37,16,86529
2002,4.72,44.48,16,86571
2003,4.73,44.49,16,86597
2004,4.72,44.43,16,86609
2005,4.72,44.27,16,86674
2006,4.7,43.7,16,86705
2007,4.73,43.86,16,86736
2008,4.67,43.1,16,86753
2009,4.73,44.02,16,86889
2010,4.79,44.69,16,86987
2011,4.73,44.21,16,87002
2012,4.73,43.89,16,87025
2013,4.74,43.79,16,87060
2014,4.78,43.97,16,87123
2015,4.75,43.46,16,87160
2016,4.76,43.37,16,87199
2017,4.79,43.41,16,87221
2018,4.8,43.48,16,87248
2019,4.83,43.73,16,87326
2020,4.77,43.13,16,87339
2021,4.79,43.55,16,87407
2022,4.8,43.42,16,87439
2023,4.76,43.22,16,87468
2024,4.71,42.67,16,87506
2025,4.69,42.86,16,87554
2026,4.74,43.67,16,87652
2027,4.69,42.95,16,87668
2028,4.68,42.94,16,87724
2029,4.65,42.3,16,87732
2030,4.68,42.56,16,87803
2031,4.68,42.64,16,87845
2032,4.63,42.18,16,87862
2033,4.57,41.81,16,87903
2034,4.58,41.84,16,87956
2035,4.58,41.73,16,87973
2036,4.56,41.79,16,87999
2037,4.55,42.03,16,88120
2038,4.56,42.19,16,88160
2039,4.57,42.23,16,88186
2040,4.58,42.4,16,88226
2041,4.52,41.61,16,88246
2042,4.48,41.35,16,88264
2043,4.46,41.82,16,88365
2044,4.43,41.58,16,88383
2045,4.42,41.5,16,88417
2046,4.39,41.43,16,88463
2047,4.43,42.04,16,88559
2048,4.42,41.53,16,88593
2049,4.41,41.47,16,88614
2050,4.48,41.9,16,88687
2051,4.45,41.68,16,88712
2052,4.44,41.58,16,88739
2053,4.46,42.09,16,88822
2054,4.46,42.19,16,88847
2055,4.45,41.98,16,88867
2056,4.46,42.07,16,88903
2057,4.43,41.74,16,88916
2058,4.51,42.81,16,89034
2059,4.49,42.76,16,89055
2060,4.47,42.55,16,89075
2061,4.46,42.61,16,89153
2062,4.45,42.53,16,89167
2063,4.45,42.56,16,89207
2064,4.43,42.42,16,89232
2065,4.41,42.37,16,89250
2066,4.47,43.12,16,89340
2067,4.44,43.04,16,89358
2068,4.48,43.57,16,89449
2069,4.51,43.73,16,89494
2070,4.54,43.97,16,89537
2071,4.54,44.39,16,89606
2072,4.52,44.09,16,89647
2073,4.53,44.22,16,89681
2074,4.51,44.0,16,89697
2075,4.51,43.94,16,89730
2076,4.54,44.2,16,89788
2077,4.56,44.3,16,89816
2078,4.59,44.44,16,89871
2079,4.55,44.24,16,89904
2080,4.53,44.07,16,89936
2081,4.52,43.9,16,89966
2082,4.53,44.04,16,90004
2083,4.57,44.28,16,90057
2084,4.58,44.3,16,90090
2085,4.59,44.58,16,90150
2086,4.61,44.57,16,90176
2087,4.56,43.89,16,90200
2088,4.58,43.98,16,90258
2089,4.58,43.67,16,90304
2090,4.59,43.43,16,90366
2091,4.64,43.83,16,90417
2092,4.62,43.87,16,90475
2093,4.6,43.63,16,90490
2094,4.54,43.13,16,90587
2095,4.58,43.52,16,90654
2096,4.55,43.28,16,90675
2097,4.62,43.85,16,90759
2098,4.61,43.71,16,90804
2099,4.6,43.66,16,90836
2100,4.61,43.76,16,90873
2101,4.6,43.7,16,90899
2102,4.65,44.2,16,90991
2103,4.63,44.11,16,91008
2104,4.66,44.29,16,91038
2105,4.64,44.09,16,91083
2106,4.67,44.15,16,91120
2107,4.64,44.08,16,91144
2108,4.66,44.54,16,91207
2109,4.57,43.35,16,91224
2110,4.63,44.41,16,91428
2111,4.68,44.91,16,91493
2112,4.67,44.98,16,91523
2113,4.62,44.79,16,91539
2114,4.56,44.43,16,91566
2115,4.54,44.43,16,91603
2116,4.54,44.46,16,91645
2117,4.54,44.63,16,91684
2118,4.56,45.21,16,91769
2119,4.52,44.76,16,91802
2120,4.64,47.03,16,92042
2121,4.63,46.98,16,92105
2122,4.6,46.85,16,92124
2123,4.66,47.46,16,92214
2124,4.68,47.39,16,92245
2125,4.68,47.06,16,92260
2126,4.68,46.45,16,92297
2127,4.76,47.23,16,92391
2128,4.74,47.01,16,92425
2129,4.78,47.55,16,92487
2130,4.7,46.96,16,92499
2131,4.69,46.87,16,92532
2132,4.71,46.9,16,92552
2133,4.74,47.45,16,92648
2134,4.7,47.08,16,92664
2135,4.75,47.76,16,92749
2136,4.77,47.98,16,92797
2137,4.71,46.94,16,92814
2138,4.77,47.4,16,92900
2139,4.78,47.55,16,92941
2140,4.79,47.66,16,92992
2141,4.83,48.16,16,93062
2142,4.89,49.13,16,93177
2143,4.98,49.86,16,93351
2144,5.06,50.66,16,93449
2145,5.05,50.75,16,93492
2146,5.02,50.62,16,93525
2147,4.95,49.92,16,93551
2148,4.95,49.93,16,93586
2149,4.96,50.04,16,93618
2150,4.89,49.48,16,93635
2151,4.88,49.44,16,93656
2152,4.87,49.33,16,93672
2153,4.83,48.6,16,93682
2154,4.83,48.51,16,93698
2155,4.84,48.64,16,93731
2156,4.84,48.45,16,93748
2157,4.88,48.73,16,93789
2158,4.8,47.71,16,93805
2159,4.85,48.03,16,93858
2160,4.87,48.23,16,93898
2161,4.83,47.78,16,93931
2162,4.85,48.07,16,93974
2163,4.89,48.3,16,94037
2164,4.92,48.63,16,94095
2165,4.95,48.75,16,94125
2166,4.9,48.15,16,94155
2167,4.91,48.31,16,94189
2168,4.87,47.69,16,94218
2169,4.89,48.34,16,94328
2170,4.86,48.0,16,94337
2171,4.9,48.39,16,94445
2172,4.86,48.11,16,94458
2173,4.9,48.61,16,94542
2174,4.89,48.62,16,94559
2175,4.95,49.23,16,94653
2176,4.91,49.06,16,94694
2177,4.91,49.27,16,94743
2178,4.9,49.52,16,94823
2179,4.91,49.84,16,94888
2180,4.95,50.16,16,94952
2181,4.94,50.14,16,94980
2182,4.98,50.78,16,95082
2183,5.0,51.46,16,95203
2184,4.97,51.34,16,95224
2185,5.0,51.5,16,95300
2186,5.04,51.9,16,95366
2187,5.04,51.74,16,95374
2188,5.01,51.64,16,95422
2189,5.0,51.54,16,95458
2190,4.99,51.55,16,95521
2191,4.95,51.23,16,95540
2192,4.93,51.69,16,95644
2193,4.95,52.01,16,95691
2194,4.91,51.5,16,95737
2195,4.93,51.81,16,95835
2196,4.94,51.85,16,95860
2197,4.87,51.26,16,95885
2198,4.89,51.81,16,95985
2199,4.91,52.04,16,96040
2200,4.95,52.81,16,96154
2201,4.95,52.85,16,96184
2202,4.93,53.33,16,96324
2203,4.97,53.64,16,96372
2204,4.96,53.6,16,96398
2205,4.94,53.35,16,96418
2206,4.9,53.15,16,96435
2207,4.92,53.4,16,96484
2208,4.9,53.05,16,96512
2209,4.92,53.29,16,96553
2210,4.83,51.74,16,96602
2211,4.87,52.29,16,96722
2212,4.85,52.19,16,96742
2213,4.86,52.3,16,96769
2214,4.85,52.36,16,96802
2215,4.85,52.18,16,96821
2216,4.87,52.45,16,96890
2217,4.9,52.8,16,96964
2218,4.87,52.22,16,96991
2219,4.87,52.14,16,97016
2220,4.8,50.21,16,97063
2221,4.77,49.79,16,97084
2222,4.85,50.98,16,97222
2223,4.81,50.36,16,97250
2224,4.79,50.29,16,97274
2225,4.8,50.31,16,97291
2226,4.76,50.07,16,97304
2227,4.72,49.78,16,97369
2228,4.72,49.69,16,97394
2229,4.7,49.33,16,97420
2230,4.73,49.56,16,97455
2231,4.71,49.38,16,97470
2232,4.71,49.51,16,97503
2233,4.68,48.9,16,97538
2234,4.74,50.1,16,97674
2235,4.72,49.68,16,97717
2236,4.77,50.41,16,97838
2237,4.81,50.83,16,97897
2238,4.73,50.13,16,97913
2239,4.79,50.49,16,97990
2240,4.76,50.17,16,98009
2241,4.73,49.73,16,98035
2242,4.69,48.95,16,98072
2243,4.59,47.51,16,98102
2244,4.52,46.88,16,98137
2245,4.53,46.83,16,98175
2246,4.54,47.03,16,98228
2247,4.65,48.32,16,98383
2248,4.68,48.88,16,98474
2249,4.68,48.79,16,98497
2250,4.73,49.06,16,98541
2251,4.77,49.45,16,98601
2252,4.84,50.07,16,98679
2253,4.84,50.19,16,98701
2254,4.89,50.71,16,98769
2255,4.87,50.59,16,98790
2256,4.88,50.85,16,98833
2257,4.86,50.73,16,98862
2258,4.87,50.91,16,98896
2259,4.86,51.06,16,98964
2260,4.85,50.81,16,98979
2261,4.86,50.8,16,99011
2262,4.84,50.52,16,99026
2263,4.81,50.38,16,99075
2264,4.8,50.24,16,99119
2265,4.87,51.22,16,99247
2266,4.88,51.32,16,99287
2267,4.95,52.32,16,99421
2268,5.0,53.04,16,99522
2269,4.95,52.29,16,99557
2270,4.96,52.37,16,99574
2271,4.97,52.29,16,99674
2272,5.05,53.05,16,99763
2273,5.0,52.59,16,99801
2274,5.07,53.33,16,99892
2275,5.02,52.6,16,99913
2276,5.01,52.33,16,99927
2277,5.02,52.41,16,99984
